window_id,split,lake_name,sample_datetime,length,y_true,y_pred,y_pred_transformed,has_observation
seasonal_rollout_000000,seasonal_rollout,【Li】Lake Xiaoxingkai,2024-10-02 12:00:00,2,,0.9936248064041138,0.9936248064041138,False
seasonal_rollout_000001,seasonal_rollout,【Li】Lake Xiaoxingkai,2024-10-03 12:00:00,3,,1.2765166759490967,1.2765166759490967,False
seasonal_rollout_000002,seasonal_rollout,【Li】Lake Xiaoxingkai,2024-10-04 12:00:00,4,,0.5425589084625244,0.5425589084625244,False
seasonal_rollout_000003,seasonal_rollout,【Li】Lake Xiaoxingkai,2024-10-05 12:00:00,5,,0.6901906132698059,0.6901906132698059,False
seasonal_rollout_000004,seasonal_rollout,【Li】Lake Xiaoxingkai,2024-10-06 12:00:00,6,,0.2898721694946289,0.2898721694946289,False
seasonal_rollout_000005,seasonal_rollout,【Li】Lake Xiaoxingkai,2024-10-07 12:00:00,7,,0.23638387024402618,0.23638387024402618,False
seasonal_rollout_000006,seasonal_rollout,【Li】Lake Xiaoxingkai,2024-10-08 12:00:00,8,,1.0440905094146729,1.0440905094146729,False
seasonal_rollout_000007,seasonal_rollout,【Li】Lake Xiaoxingkai,2024-10-09 12:00:00,9,,0.7577821612358093,0.7577821612358093,False
seasonal_rollout_000008,seasonal_rollout,【Li】Lake Xiaoxingkai,2024-10-10 12:00:00,10,,0.013707800768315792,0.013707800768315792,False
seasonal_rollout_000009,seasonal_rollout,【Li】Lake Xiaoxingkai,2024-10-11 12:00:00,11,,0.016364818438887596,0.016364818438887596,False
seasonal_rollout_000010,seasonal_rollout,【Li】Lake Xiaoxingkai,2024-10-12 12:00:00,12,,13.41739273071289,13.41739273071289,False
seasonal_rollout_000011,seasonal_rollout,【Li】Lake Xiaoxingkai,2024-10-13 12:00:00,13,,11.501291275024414,11.501291275024414,False
seasonal_rollout_000012,seasonal_rollout,【Li】Lake Xiaoxingkai,2024-10-14 12:00:00,14,,0.0024189467076212168,0.0024189467076212168,False
seasonal_rollout_000013,seasonal_rollout,【Li】Lake Xiaoxingkai,2024-10-15 12:00:00,15,,0.07934937626123428,0.07934937626123428,False
seasonal_rollout_000014,seasonal_rollout,【Li】Lake Xiaoxingkai,2024-10-16 12:00:00,16,,0.002442319644615054,0.002442319644615054,False
seasonal_rollout_000015,seasonal_rollout,【Li】Lake Xiaoxingkai,2024-10-17 12:00:00,17,,0.0021861628629267216,0.0021861628629267216,False
seasonal_rollout_000016,seasonal_rollout,【Li】Lake Xiaoxingkai,2024-10-18 12:00:00,18,,0.13277718424797058,0.13277718424797058,False
seasonal_rollout_000017,seasonal_rollout,【Li】Lake Xiaoxingkai,2024-10-19 12:00:00,19,,0.03330964222550392,0.03330964222550392,False
seasonal_rollout_000018,seasonal_rollout,【Li】Lake Xiaoxingkai,2024-10-20 12:00:00,20,,13.89530086517334,13.89530086517334,False
seasonal_rollout_000019,seasonal_rollout,【Li】Lake Xiaoxingkai,2024-10-21 12:00:00,21,,11.467917442321777,11.467917442321777,False
seasonal_rollout_000020,seasonal_rollout,【Li】Lake Xiaoxingkai,2024-10-22 12:00:00,22,,0.3443702459335327,0.3443702459335327,False
seasonal_rollout_000021,seasonal_rollout,【Li】Lake Xiaoxingkai,2024-10-23 12:00:00,23,,2.1365926265716553,2.1365926265716553,False
seasonal_rollout_000022,seasonal_rollout,【Li】Lake Xiaoxingkai,2024-10-24 12:00:00,24,,2.7786900997161865,2.7786900997161865,False
seasonal_rollout_000023,seasonal_rollout,【Li】Lake Xiaoxingkai,2024-10-25 12:00:00,25,,2.921452760696411,2.921452760696411,False
seasonal_rollout_000024,seasonal_rollout,【Li】Lake Xiaoxingkai,2024-10-26 12:00:00,26,,8.207606623480011e-36,8.207606623480011e-36,False
seasonal_rollout_000025,seasonal_rollout,【Li】Lake Xiaoxingkai,2024-10-27 12:00:00,27,,8.057018836468245e-31,8.057018836468245e-31,False
seasonal_rollout_000026,seasonal_rollout,【Li】Lake Xiaoxingkai,2024-10-28 12:00:00,28,,9.694370855389562e-15,9.694370855389562e-15,False
seasonal_rollout_000027,seasonal_rollout,【Li】Lake Xiaoxingkai,2024-10-29 12:00:00,29,,8.194314811770543e-20,8.194314811770543e-20,False
seasonal_rollout_000028,seasonal_rollout,【Li】Lake Xiaoxingkai,2024-10-30 12:00:00,29,,14.477346420288086,14.477346420288086,False
seasonal_rollout_000029,seasonal_rollout,【Li】Lake Xiaoxingkai,2024-10-31 12:00:00,29,,1.5567432641983032,1.5567432641983032,False
seasonal_rollout_000030,seasonal_rollout,【Li】Lake Xiaoxingkai,2024-11-01 12:00:00,29,,26.330827713012695,26.330827713012695,False
seasonal_rollout_000031,seasonal_rollout,【Li】Lake Xiaoxingkai,2024-11-02 12:00:00,29,,75.84550476074219,75.84550476074219,False
seasonal_rollout_000032,seasonal_rollout,【Li】Lake Xiaoxingkai,2024-11-03 12:00:00,29,,10.617000579833984,10.617000579833984,False
seasonal_rollout_000033,seasonal_rollout,【Li】Lake Xiaoxingkai,2024-11-04 12:00:00,29,,2.2738382816314697,2.2738382816314697,False
seasonal_rollout_000034,seasonal_rollout,【Li】Lake Xiaoxingkai,2024-11-05 12:00:00,29,,18.8118896484375,18.8118896484375,False
seasonal_rollout_000035,seasonal_rollout,【Li】Lake Xiaoxingkai,2024-11-06 12:00:00,29,,43.84260559082031,43.84260559082031,False
seasonal_rollout_000036,seasonal_rollout,【Li】Lake Xiaoxingkai,2024-11-07 12:00:00,29,,70.98055267333984,70.98055267333984,False
seasonal_rollout_000037,seasonal_rollout,【Li】Lake Xiaoxingkai,2024-11-08 12:00:00,29,,0.18061824142932892,0.18061824142932892,False
seasonal_rollout_000038,seasonal_rollout,【Li】Lake Xiaoxingkai,2024-11-09 12:00:00,29,,3.593696355819702,3.593696355819702,False
seasonal_rollout_000039,seasonal_rollout,【Li】Lake Xiaoxingkai,2024-11-10 12:00:00,29,,0.00031660200329497457,0.00031660200329497457,False
seasonal_rollout_000040,seasonal_rollout,【Li】Lake Xiaoxingkai,2024-11-11 12:00:00,29,,0.28220218420028687,0.28220218420028687,False
seasonal_rollout_000041,seasonal_rollout,【Li】Lake Xiaoxingkai,2024-11-12 12:00:00,29,,2.8018765085846553e-10,2.8018765085846553e-10,False
seasonal_rollout_000042,seasonal_rollout,【Li】Lake Xiaoxingkai,2024-11-13 12:00:00,29,,0.3621133863925934,0.3621133863925934,False
seasonal_rollout_000043,seasonal_rollout,【Li】Lake Xiaoxingkai,2024-11-14 12:00:00,29,,0.0007610605680383742,0.0007610605680383742,False
seasonal_rollout_000044,seasonal_rollout,【Li】Lake Xiaoxingkai,2024-11-15 12:00:00,29,,4.2739570216276945e-10,4.2739570216276945e-10,False
seasonal_rollout_000045,seasonal_rollout,【Li】Lake Xiaoxingkai,2024-11-16 12:00:00,29,,0.00016104111273307353,0.00016104111273307353,False
seasonal_rollout_000046,seasonal_rollout,【Li】Lake Xiaoxingkai,2024-11-17 12:00:00,29,,1.750264516653388e-11,1.750264516653388e-11,False
seasonal_rollout_000047,seasonal_rollout,【Li】Lake Xiaoxingkai,2024-11-18 12:00:00,29,,82.69290161132812,82.69290161132812,False
seasonal_rollout_000048,seasonal_rollout,【Li】Lake Xiaoxingkai,2024-11-19 12:00:00,29,,1.1537564653663068e-10,1.1537564653663068e-10,False
seasonal_rollout_000049,seasonal_rollout,【Li】Lake Xiaoxingkai,2024-11-20 12:00:00,29,,125.50184631347656,125.50184631347656,False
seasonal_rollout_000050,seasonal_rollout,【Li】Lake Xiaoxingkai,2024-11-21 12:00:00,29,,0.0009487170027568936,0.0009487170027568936,False
seasonal_rollout_000051,seasonal_rollout,【Li】Lake Xiaoxingkai,2024-11-22 12:00:00,29,,3.132076598078015e-09,3.132076598078015e-09,False
seasonal_rollout_000052,seasonal_rollout,【Li】Lake Xiaoxingkai,2024-11-23 12:00:00,29,,5.0666145057221e-08,5.0666145057221e-08,False
seasonal_rollout_000053,seasonal_rollout,【Li】Lake Xiaoxingkai,2024-11-24 12:00:00,29,,6.036351260263473e-05,6.036351260263473e-05,False
seasonal_rollout_000054,seasonal_rollout,【Li】Lake Xiaoxingkai,2024-11-25 12:00:00,29,,0.5048117637634277,0.5048117637634277,False
seasonal_rollout_000055,seasonal_rollout,【Li】Lake Xiaoxingkai,2024-11-26 12:00:00,29,,0.4591861963272095,0.4591861963272095,False
seasonal_rollout_000056,seasonal_rollout,【Li】Lake Xiaoxingkai,2024-11-27 12:00:00,29,,3.141782760620117,3.141782760620117,False
seasonal_rollout_000057,seasonal_rollout,【Li】Lake Xiaoxingkai,2024-11-28 12:00:00,29,,4.927306652069092,4.927306652069092,False
seasonal_rollout_000058,seasonal_rollout,【Li】Lake Xiaoxingkai,2024-11-29 12:00:00,29,,0.00012572029663715512,0.00012572029663715512,False
seasonal_rollout_000059,seasonal_rollout,【Li】Lake Xiaoxingkai,2024-11-30 12:00:00,29,,1.349886588178096e-18,1.349886588178096e-18,False
seasonal_rollout_000060,seasonal_rollout,【Li】Lake Xiaoxingkai,2024-12-01 12:00:00,29,,91.38233947753906,91.38233947753906,False
seasonal_rollout_000061,seasonal_rollout,【Li】Lake Xiaoxingkai,2024-12-02 12:00:00,29,,0.009576482698321342,0.009576482698321342,False
seasonal_rollout_000062,seasonal_rollout,【Li】Lake Xiaoxingkai,2024-12-03 12:00:00,29,,0.004169820807874203,0.004169820807874203,False
seasonal_rollout_000063,seasonal_rollout,【Li】Lake Xiaoxingkai,2024-12-04 12:00:00,29,,2.8789721909561194e-05,2.8789721909561194e-05,False
seasonal_rollout_000064,seasonal_rollout,【Li】Lake Xiaoxingkai,2024-12-05 12:00:00,29,,0.001113313832320273,0.001113313832320273,False
seasonal_rollout_000065,seasonal_rollout,【Li】Lake Xiaoxingkai,2024-12-06 12:00:00,29,,1.8552608489990234,1.8552608489990234,False
seasonal_rollout_000066,seasonal_rollout,【Li】Lake Xiaoxingkai,2024-12-07 12:00:00,29,,1.5222446918487549,1.5222446918487549,False
seasonal_rollout_000067,seasonal_rollout,【Li】Lake Xiaoxingkai,2024-12-08 12:00:00,29,,6.054569894331507e-06,6.054569894331507e-06,False
seasonal_rollout_000068,seasonal_rollout,【Li】Lake Xiaoxingkai,2024-12-09 12:00:00,29,,2.5569489002227783,2.5569489002227783,False
seasonal_rollout_000069,seasonal_rollout,【Li】Lake Xiaoxingkai,2024-12-10 12:00:00,29,,3.2692469922341864e-21,3.2692469922341864e-21,False
seasonal_rollout_000070,seasonal_rollout,【Li】Lake Xiaoxingkai,2024-12-11 12:00:00,29,,19.3588809967041,19.3588809967041,False
seasonal_rollout_000071,seasonal_rollout,【Li】Lake Xiaoxingkai,2024-12-12 12:00:00,29,,0.0004853830032516271,0.0004853830032516271,False
seasonal_rollout_000072,seasonal_rollout,【Li】Lake Xiaoxingkai,2024-12-13 12:00:00,29,,1.3831841945648193,1.3831841945648193,False
seasonal_rollout_000073,seasonal_rollout,【Li】Lake Xiaoxingkai,2024-12-14 12:00:00,29,,35.200931549072266,35.200931549072266,False
seasonal_rollout_000074,seasonal_rollout,【Li】Lake Xiaoxingkai,2024-12-15 12:00:00,29,,10.944901466369629,10.944901466369629,False
seasonal_rollout_000075,seasonal_rollout,【Li】Lake Xiaoxingkai,2024-12-16 12:00:00,29,,2.569597035151361e-10,2.569597035151361e-10,False
seasonal_rollout_000076,seasonal_rollout,【Li】Lake Xiaoxingkai,2024-12-17 12:00:00,29,,0.03138451278209686,0.03138451278209686,False
seasonal_rollout_000077,seasonal_rollout,【Li】Lake Xiaoxingkai,2024-12-18 12:00:00,29,,7.838641067792196e-06,7.838641067792196e-06,False
seasonal_rollout_000078,seasonal_rollout,【Li】Lake Xiaoxingkai,2024-12-19 12:00:00,29,,0.0039172046817839146,0.0039172046817839146,False
seasonal_rollout_000079,seasonal_rollout,【Li】Lake Xiaoxingkai,2024-12-20 12:00:00,29,,2.615293264389038,2.615293264389038,False
seasonal_rollout_000080,seasonal_rollout,【Li】Lake Xiaoxingkai,2024-12-21 12:00:00,29,,1.60770845413208,1.60770845413208,False
seasonal_rollout_000081,seasonal_rollout,【Li】Lake Xiaoxingkai,2024-12-22 12:00:00,29,,0.22770200669765472,0.22770200669765472,False
seasonal_rollout_000082,seasonal_rollout,【Li】Lake Xiaoxingkai,2024-12-23 12:00:00,29,,0.018252812325954437,0.018252812325954437,False
seasonal_rollout_000083,seasonal_rollout,【Li】Lake Xiaoxingkai,2024-12-24 12:00:00,29,,0.00020016399503219873,0.00020016399503219873,False
seasonal_rollout_000084,seasonal_rollout,【Li】Lake Xiaoxingkai,2024-12-25 12:00:00,29,,0.20260201394557953,0.20260201394557953,False
seasonal_rollout_000085,seasonal_rollout,【Li】Lake Xiaoxingkai,2024-12-26 12:00:00,29,,0.0972600057721138,0.0972600057721138,False
seasonal_rollout_000086,seasonal_rollout,【Li】Lake Xiaoxingkai,2024-12-27 12:00:00,29,,0.14605818688869476,0.14605818688869476,False
seasonal_rollout_000087,seasonal_rollout,【Li】Lake Xiaoxingkai,2024-12-28 12:00:00,29,,0.4438747763633728,0.4438747763633728,False
seasonal_rollout_000088,seasonal_rollout,【Li】Lake Xiaoxingkai,2024-12-29 12:00:00,29,,0.8188835382461548,0.8188835382461548,False
seasonal_rollout_000089,seasonal_rollout,【Li】Lake Xiaoxingkai,2024-12-30 12:00:00,29,,1.2978591918945312,1.2978591918945312,False
seasonal_rollout_000090,seasonal_rollout,【Li】Lake Xiaoxingkai,2024-12-31 12:00:00,29,,0.6517359614372253,0.6517359614372253,False
seasonal_rollout_000091,seasonal_rollout,【Li】Lake Xiaoxingkai,2025-01-01 12:00:00,29,,1.885833501815796,1.885833501815796,False
seasonal_rollout_000092,seasonal_rollout,【Li】Lake Xiaoxingkai,2025-01-02 12:00:00,29,,0.03260750696063042,0.03260750696063042,False
seasonal_rollout_000093,seasonal_rollout,【Li】Lake Xiaoxingkai,2025-01-03 12:00:00,29,,0.8128575086593628,0.8128575086593628,False
seasonal_rollout_000094,seasonal_rollout,【Li】Lake Xiaoxingkai,2025-01-04 12:00:00,29,,0.00024613685673102736,0.00024613685673102736,False
seasonal_rollout_000095,seasonal_rollout,【Li】Lake Xiaoxingkai,2025-01-05 12:00:00,29,,0.21053870022296906,0.21053870022296906,False
seasonal_rollout_000096,seasonal_rollout,【Li】Lake Xiaoxingkai,2025-01-06 12:00:00,29,,0.2838299572467804,0.2838299572467804,False
seasonal_rollout_000097,seasonal_rollout,【Li】Lake Xiaoxingkai,2025-01-07 12:00:00,29,,0.14509207010269165,0.14509207010269165,False
seasonal_rollout_000098,seasonal_rollout,【Li】Lake Xiaoxingkai,2025-01-08 12:00:00,29,,0.23103134334087372,0.23103134334087372,False
seasonal_rollout_000099,seasonal_rollout,【Li】Lake Xiaoxingkai,2025-01-09 12:00:00,29,,0.014412414282560349,0.014412414282560349,False
seasonal_rollout_000100,seasonal_rollout,【Li】Lake Xiaoxingkai,2025-01-10 12:00:00,29,,1.4960684776306152,1.4960684776306152,False
seasonal_rollout_000101,seasonal_rollout,【Li】Lake Xiaoxingkai,2025-01-11 12:00:00,29,,0.7235473990440369,0.7235473990440369,False
seasonal_rollout_000102,seasonal_rollout,【Li】Lake Xiaoxingkai,2025-01-12 12:00:00,29,,0.42875581979751587,0.42875581979751587,False
seasonal_rollout_000103,seasonal_rollout,【Li】Lake Xiaoxingkai,2025-01-13 12:00:00,29,,0.005219447426497936,0.005219447426497936,False
seasonal_rollout_000104,seasonal_rollout,【Li】Lake Xiaoxingkai,2025-01-14 12:00:00,29,,0.540040135383606,0.540040135383606,False
seasonal_rollout_000105,seasonal_rollout,【Li】Lake Xiaoxingkai,2025-01-15 12:00:00,29,,1.0570380687713623,1.0570380687713623,False
seasonal_rollout_000106,seasonal_rollout,【Li】Lake Xiaoxingkai,2025-01-16 12:00:00,29,,0.016606437042355537,0.016606437042355537,False
seasonal_rollout_000107,seasonal_rollout,【Li】Lake Xiaoxingkai,2025-01-17 12:00:00,29,,0.11048751324415207,0.11048751324415207,False
seasonal_rollout_000108,seasonal_rollout,【Li】Lake Xiaoxingkai,2025-01-18 12:00:00,29,0.6196,0.32691994309425354,0.32691994309425354,True
seasonal_rollout_000109,seasonal_rollout,【Li】Lake Xiaoxingkai,2025-01-19 12:00:00,29,0.6171,0.18426565825939178,0.18426565825939178,True
seasonal_rollout_000110,seasonal_rollout,【Li】Lake Xiaoxingkai,2025-01-20 12:00:00,29,0.6075,0.11251077800989151,0.11251077800989151,True
seasonal_rollout_000111,seasonal_rollout,【Li】Lake Xiaoxingkai,2025-01-21 12:00:00,29,0.6165,0.09304521232843399,0.09304521232843399,True
seasonal_rollout_000112,seasonal_rollout,【Li】Lake Xiaoxingkai,2025-01-22 12:00:00,29,0.6159,1.0128662586212158,1.0128662586212158,True
seasonal_rollout_000113,seasonal_rollout,【Li】Lake Xiaoxingkai,2025-01-23 12:00:00,29,0.6171,0.003461563028395176,0.003461563028395176,True
seasonal_rollout_000114,seasonal_rollout,【Li】Lake Xiaoxingkai,2025-01-24 12:00:00,29,0.6172,17.77313995361328,17.77313995361328,True
seasonal_rollout_000115,seasonal_rollout,【Li】Lake Xiaoxingkai,2025-01-25 12:00:00,29,0.62,0.0097237853333354,0.0097237853333354,True
seasonal_rollout_000116,seasonal_rollout,【Li】Lake Xiaoxingkai,2025-01-26 12:00:00,29,0.6116,0.45044630765914917,0.45044630765914917,True
seasonal_rollout_000117,seasonal_rollout,【Li】Lake Xiaoxingkai,2025-01-27 12:00:00,29,0.6174,0.09428106248378754,0.09428106248378754,True
seasonal_rollout_000118,seasonal_rollout,【Li】Lake Xiaoxingkai,2025-01-28 12:00:00,29,0.6091,0.022335363551974297,0.022335363551974297,True
seasonal_rollout_000119,seasonal_rollout,【Li】Lake Xiaoxingkai,2025-01-29 12:00:00,29,0.5888,0.18619471788406372,0.18619471788406372,True
seasonal_rollout_000120,seasonal_rollout,【Li】Lake Xiaoxingkai,2025-01-30 12:00:00,29,0.5858,0.050841834396123886,0.050841834396123886,True
seasonal_rollout_000121,seasonal_rollout,【Li】Lake Xiaoxingkai,2025-01-31 12:00:00,29,0.5944,0.004050253890454769,0.004050253890454769,True
seasonal_rollout_000122,seasonal_rollout,【Li】Lake Xiaoxingkai,2025-02-01 12:00:00,29,0.6018,0.3034294545650482,0.3034294545650482,True
seasonal_rollout_000123,seasonal_rollout,【Li】Lake Xiaoxingkai,2025-02-02 12:00:00,29,0.6195,0.2280241847038269,0.2280241847038269,True
seasonal_rollout_000124,seasonal_rollout,【Li】Lake Xiaoxingkai,2025-02-03 12:00:00,29,0.6265,0.2682338058948517,0.2682338058948517,True
seasonal_rollout_000125,seasonal_rollout,【Li】Lake Xiaoxingkai,2025-02-04 12:00:00,29,0.6328,0.1467379331588745,0.1467379331588745,True
seasonal_rollout_000126,seasonal_rollout,【Li】Lake Xiaoxingkai,2025-02-05 12:00:00,29,0.6485,0.007124468684196472,0.007124468684196472,True
seasonal_rollout_000127,seasonal_rollout,【Li】Lake Xiaoxingkai,2025-02-06 12:00:00,29,0.6563,0.006335468962788582,0.006335468962788582,True
seasonal_rollout_000128,seasonal_rollout,【Li】Lake Xiaoxingkai,2025-02-07 12:00:00,29,0.6629,1.5352624654769897,1.5352624654769897,True
seasonal_rollout_000129,seasonal_rollout,【Li】Lake Xiaoxingkai,2025-02-08 12:00:00,29,0.6708,2.647984504699707,2.647984504699707,True
seasonal_rollout_000130,seasonal_rollout,【Li】Lake Xiaoxingkai,2025-02-09 12:00:00,29,0.6845,0.13425104320049286,0.13425104320049286,True
seasonal_rollout_000131,seasonal_rollout,【Li】Lake Xiaoxingkai,2025-02-10 12:00:00,29,0.6817,9.8751220703125,9.8751220703125,True
seasonal_rollout_000132,seasonal_rollout,【Li】Lake Xiaoxingkai,2025-02-11 12:00:00,29,0.6888,0.06296931952238083,0.06296931952238083,True
seasonal_rollout_000133,seasonal_rollout,【Li】Lake Xiaoxingkai,2025-02-12 12:00:00,29,0.6976,0.20617175102233887,0.20617175102233887,True
seasonal_rollout_000134,seasonal_rollout,【Li】Lake Xiaoxingkai,2025-02-13 12:00:00,29,0.6879,3.2588987350463867,3.2588987350463867,True
seasonal_rollout_000135,seasonal_rollout,【Li】Lake Xiaoxingkai,2025-02-14 12:00:00,29,0.6997,0.3030339777469635,0.3030339777469635,True
seasonal_rollout_000136,seasonal_rollout,【Li】Lake Xiaoxingkai,2025-02-15 12:00:00,29,0.7037,0.3429514169692993,0.3429514169692993,True
seasonal_rollout_000137,seasonal_rollout,【Li】Lake Xiaoxingkai,2025-02-16 12:00:00,29,0.7077,0.031150134280323982,0.031150134280323982,True
seasonal_rollout_000138,seasonal_rollout,【Li】Lake Xiaoxingkai,2025-02-17 12:00:00,29,0.7122,1.3726511001586914,1.3726511001586914,True
seasonal_rollout_000139,seasonal_rollout,【Li】Lake Xiaoxingkai,2025-02-18 12:00:00,29,,1.1047348976135254,1.1047348976135254,False
seasonal_rollout_000140,seasonal_rollout,【Li】Lake Xiaoxingkai,2025-02-19 12:00:00,29,,0.6130505204200745,0.6130505204200745,False
seasonal_rollout_000141,seasonal_rollout,【Li】Lake Xiaoxingkai,2025-02-20 12:00:00,29,,0.031934477388858795,0.031934477388858795,False
seasonal_rollout_000142,seasonal_rollout,【Li】Lake Xiaoxingkai,2025-02-21 12:00:00,29,,0.021283889189362526,0.021283889189362526,False
seasonal_rollout_000143,seasonal_rollout,【Li】Lake Xiaoxingkai,2025-02-22 12:00:00,29,,1.3321634531021118,1.3321634531021118,False
seasonal_rollout_000144,seasonal_rollout,【Li】Lake Xiaoxingkai,2025-02-23 12:00:00,29,,2.8187594413757324,2.8187594413757324,False
seasonal_rollout_000145,seasonal_rollout,【Li】Lake Xiaoxingkai,2025-02-24 12:00:00,29,,0.23308990895748138,0.23308990895748138,False
seasonal_rollout_000146,seasonal_rollout,【Li】Lake Xiaoxingkai,2025-02-25 12:00:00,29,,0.17053766548633575,0.17053766548633575,False
seasonal_rollout_000147,seasonal_rollout,【Li】Lake Xiaoxingkai,2025-02-26 12:00:00,29,,0.4721892476081848,0.4721892476081848,False
seasonal_rollout_000148,seasonal_rollout,【Li】Lake Xiaoxingkai,2025-02-27 12:00:00,29,,2.7923731803894043,2.7923731803894043,False
seasonal_rollout_000149,seasonal_rollout,【Li】Lake Xiaoxingkai,2025-02-28 12:00:00,29,,0.021258285269141197,0.021258285269141197,False
seasonal_rollout_000150,seasonal_rollout,【Li】Lake Xiaoxingkai,2025-03-01 12:00:00,29,,0.004196855239570141,0.004196855239570141,False
seasonal_rollout_000151,seasonal_rollout,【Li】Lake Xiaoxingkai,2025-03-02 12:00:00,29,,0.24845169484615326,0.24845169484615326,False
seasonal_rollout_000152,seasonal_rollout,【Li】Lake Xiaoxingkai,2025-03-03 12:00:00,29,,9.03604450286366e-06,9.03604450286366e-06,False
seasonal_rollout_000153,seasonal_rollout,【Li】Lake Xiaoxingkai,2025-03-04 12:00:00,29,,0.18387512862682343,0.18387512862682343,False
seasonal_rollout_000154,seasonal_rollout,【Li】Lake Xiaoxingkai,2025-03-05 12:00:00,29,,0.5250248312950134,0.5250248312950134,False
seasonal_rollout_000155,seasonal_rollout,【Li】Lake Xiaoxingkai,2025-03-06 12:00:00,29,,0.3099176585674286,0.3099176585674286,False
seasonal_rollout_000156,seasonal_rollout,【Li】Lake Xiaoxingkai,2025-03-07 12:00:00,29,,0.31896471977233887,0.31896471977233887,False
seasonal_rollout_000157,seasonal_rollout,【Li】Lake Xiaoxingkai,2025-03-08 12:00:00,29,,0.07403514534235,0.07403514534235,False
seasonal_rollout_000158,seasonal_rollout,【Li】Lake Xiaoxingkai,2025-03-09 12:00:00,29,,0.45429956912994385,0.45429956912994385,False
seasonal_rollout_000159,seasonal_rollout,【Li】Lake Xiaoxingkai,2025-03-10 12:00:00,29,,2.084167003631592,2.084167003631592,False
seasonal_rollout_000160,seasonal_rollout,【Li】Lake Xiaoxingkai,2025-03-11 12:00:00,29,,0.0002767762925941497,0.0002767762925941497,False
seasonal_rollout_000161,seasonal_rollout,【Li】Lake Xiaoxingkai,2025-03-12 12:00:00,29,,1.0191712362939143e-06,1.0191712362939143e-06,False
seasonal_rollout_000162,seasonal_rollout,【Li】Lake Xiaoxingkai,2025-03-13 12:00:00,29,,1.791867907741107e-05,1.791867907741107e-05,False
seasonal_rollout_000163,seasonal_rollout,【Li】Lake Xiaoxingkai,2025-03-14 12:00:00,29,,2.031486749649048,2.031486749649048,False
seasonal_rollout_000164,seasonal_rollout,【Li】Lake Xiaoxingkai,2025-03-15 12:00:00,29,,5.1532508223317564e-05,5.1532508223317564e-05,False
seasonal_rollout_000165,seasonal_rollout,【Li】Lake Xiaoxingkai,2025-03-16 12:00:00,29,,24.215965270996094,24.215965270996094,False
seasonal_rollout_000166,seasonal_rollout,【Li】Lake Xiaoxingkai,2025-03-17 12:00:00,29,,0.15616172552108765,0.15616172552108765,False
seasonal_rollout_000167,seasonal_rollout,【Li】Lake Xiaoxingkai,2025-03-18 12:00:00,29,,0.25701966881752014,0.25701966881752014,False
seasonal_rollout_000168,seasonal_rollout,【Li】Lake Xiaoxingkai,2025-03-19 12:00:00,29,,2.639512777328491,2.639512777328491,False
seasonal_rollout_000169,seasonal_rollout,【Li】Lake Xiaoxingkai,2025-03-20 12:00:00,29,,0.01456360425800085,0.01456360425800085,False
seasonal_rollout_000170,seasonal_rollout,【Li】Lake Xiaoxingkai,2025-03-21 12:00:00,29,,0.18521347641944885,0.18521347641944885,False
seasonal_rollout_000171,seasonal_rollout,【Li】Lake Xiaoxingkai,2025-03-22 12:00:00,29,,3.8073267936706543,3.8073267936706543,False
seasonal_rollout_000172,seasonal_rollout,【Li】Lake Xiaoxingkai,2025-03-23 12:00:00,29,,0.024332068860530853,0.024332068860530853,False
seasonal_rollout_000173,seasonal_rollout,【Li】Lake Xiaoxingkai,2025-03-24 12:00:00,29,,0.000421407341491431,0.000421407341491431,False
seasonal_rollout_000174,seasonal_rollout,【Li】Lake Xiaoxingkai,2025-03-25 12:00:00,29,,0.03598935902118683,0.03598935902118683,False
seasonal_rollout_000175,seasonal_rollout,【Li】Lake Xiaoxingkai,2025-03-26 12:00:00,29,,4.600926306608244e-09,4.600926306608244e-09,False
seasonal_rollout_000176,seasonal_rollout,【Li】Lake Xiaoxingkai,2025-03-27 12:00:00,29,,5.069143772125244,5.069143772125244,False
seasonal_rollout_000177,seasonal_rollout,【Li】Lake Xiaoxingkai,2025-03-28 12:00:00,29,,18.86008644104004,18.86008644104004,False
seasonal_rollout_000178,seasonal_rollout,【Li】Lake Xiaoxingkai,2025-03-29 12:00:00,29,,1.577985955236727e-07,1.577985955236727e-07,False
seasonal_rollout_000179,seasonal_rollout,【Li】Lake Xiaoxingkai,2025-03-30 12:00:00,29,,0.7226025462150574,0.7226025462150574,False
seasonal_rollout_000180,seasonal_rollout,【Li】Lake Xiaoxingkai,2025-03-31 12:00:00,29,,2.1732628283643862e-06,2.1732628283643862e-06,False
seasonal_rollout_000181,seasonal_rollout,【Li】Lake Xiaoxingkai,2025-04-01 12:00:00,29,,0.0519816130399704,0.0519816130399704,False
seasonal_rollout_000182,seasonal_rollout,【Li】Lake Xiaoxingkai,2025-04-02 12:00:00,29,,3.3968772888183594,3.3968772888183594,False
seasonal_rollout_000183,seasonal_rollout,【Li】Lake Xiaoxingkai,2025-04-03 12:00:00,29,,0.001850649481639266,0.001850649481639266,False
seasonal_rollout_000184,seasonal_rollout,【Li】Lake Xiaoxingkai,2025-04-04 12:00:00,29,,2.8609936459202852e-25,2.8609936459202852e-25,False
seasonal_rollout_000185,seasonal_rollout,【Li】Lake Xiaoxingkai,2025-04-05 12:00:00,29,,29.81284523010254,29.81284523010254,False
seasonal_rollout_000186,seasonal_rollout,【Li】Lake Xiaoxingkai,2025-04-06 12:00:00,29,,2.6893260920148002e-18,2.6893260920148002e-18,False
seasonal_rollout_000187,seasonal_rollout,【Li】Lake Xiaoxingkai,2025-04-07 12:00:00,29,,2.2311120800280413e-18,2.2311120800280413e-18,False
seasonal_rollout_000188,seasonal_rollout,【Li】Lake Xiaoxingkai,2025-04-08 12:00:00,29,,6.455318271036958e-07,6.455318271036958e-07,False
seasonal_rollout_000189,seasonal_rollout,【Li】Lake Xiaoxingkai,2025-04-09 12:00:00,29,,0.7664996385574341,0.7664996385574341,False
seasonal_rollout_000190,seasonal_rollout,【Li】Lake Xiaoxingkai,2025-04-10 12:00:00,29,,3.1104361308820216e-09,3.1104361308820216e-09,False
seasonal_rollout_000191,seasonal_rollout,【Li】Lake Xiaoxingkai,2025-04-11 12:00:00,29,,24.249801635742188,24.249801635742188,False
seasonal_rollout_000192,seasonal_rollout,【Li】Lake Xiaoxingkai,2025-04-12 12:00:00,29,,0.00037403576425276697,0.00037403576425276697,False
seasonal_rollout_000193,seasonal_rollout,【Li】Lake Xiaoxingkai,2025-04-13 12:00:00,29,,0.0004018050676677376,0.0004018050676677376,False
seasonal_rollout_000194,seasonal_rollout,【Li】Lake Xiaoxingkai,2025-04-14 12:00:00,29,,0.19160708785057068,0.19160708785057068,False
seasonal_rollout_000195,seasonal_rollout,【Li】Lake Xiaoxingkai,2025-04-15 12:00:00,29,,0.06757976859807968,0.06757976859807968,False
seasonal_rollout_000196,seasonal_rollout,【Li】Lake Xiaoxingkai,2025-04-16 12:00:00,29,,0.01972832717001438,0.01972832717001438,False
seasonal_rollout_000197,seasonal_rollout,【Li】Lake Xiaoxingkai,2025-04-17 12:00:00,29,,0.013013592921197414,0.013013592921197414,False
seasonal_rollout_000198,seasonal_rollout,【Li】Lake Xiaoxingkai,2025-04-18 12:00:00,29,,0.0018124125199392438,0.0018124125199392438,False
seasonal_rollout_000199,seasonal_rollout,【Li】Lake Xiaoxingkai,2025-04-19 12:00:00,29,,4.1871640703294855e-12,4.1871640703294855e-12,False
seasonal_rollout_000200,seasonal_rollout,【Li】Lake Xiaoxingkai,2025-04-20 12:00:00,29,,6.230819225311279,6.230819225311279,False
seasonal_rollout_000201,seasonal_rollout,【Li】Lake Xiaoxingkai,2025-04-21 12:00:00,29,,37.03823471069336,37.03823471069336,False
seasonal_rollout_000202,seasonal_rollout,【Li】Lake Xiaoxingkai,2025-04-22 12:00:00,29,,0.0017155500827357173,0.0017155500827357173,False
seasonal_rollout_000203,seasonal_rollout,【Li】Lake Xiaoxingkai,2025-04-23 12:00:00,29,,2.690030813217163,2.690030813217163,False
seasonal_rollout_000204,seasonal_rollout,【Li】Lake Xiaoxingkai,2025-04-24 12:00:00,29,,10.403036117553711,10.403036117553711,False
seasonal_rollout_000205,seasonal_rollout,【Li】Lake Xiaoxingkai,2025-04-25 12:00:00,29,,2.305603993590921e-05,2.305603993590921e-05,False
seasonal_rollout_000206,seasonal_rollout,【Li】Lake Xiaoxingkai,2025-04-26 12:00:00,29,,12.251806259155273,12.251806259155273,False
seasonal_rollout_000207,seasonal_rollout,【Li】Lake Xiaoxingkai,2025-04-27 12:00:00,29,,15.082448959350586,15.082448959350586,False
seasonal_rollout_000208,seasonal_rollout,【Li】Lake Xiaoxingkai,2025-04-28 12:00:00,29,,65.26750183105469,65.26750183105469,False
seasonal_rollout_000209,seasonal_rollout,【Li】Lake Xiaoxingkai,2025-04-29 12:00:00,29,,3.0058281481615268e-05,3.0058281481615268e-05,False
seasonal_rollout_000210,seasonal_rollout,【Li】Lake Xiaoxingkai,2025-04-30 12:00:00,29,,38.69618606567383,38.69618606567383,False
seasonal_rollout_000211,seasonal_rollout,【Li】Lake Xiaoxingkai,2025-05-01 12:00:00,29,,5.300285366161006e-08,5.300285366161006e-08,False
seasonal_rollout_000212,seasonal_rollout,【Li】Lake Xiaoxingkai,2025-05-02 12:00:00,29,,68.11624908447266,68.11624908447266,False
seasonal_rollout_000213,seasonal_rollout,【Li】Lake Xiaoxingkai,2025-05-03 12:00:00,29,,178.31887817382812,178.31887817382812,False
seasonal_rollout_000214,seasonal_rollout,【Li】Lake Xiaoxingkai,2025-05-04 12:00:00,29,,3.2821309689165523e-13,3.2821309689165523e-13,False
seasonal_rollout_000215,seasonal_rollout,【Li】Lake Xiaoxingkai,2025-05-05 12:00:00,29,,4.362494945526123,4.362494945526123,False
seasonal_rollout_000216,seasonal_rollout,【Li】Lake Xiaoxingkai,2025-05-06 12:00:00,29,,27.278282165527344,27.278282165527344,False
seasonal_rollout_000217,seasonal_rollout,【Li】Lake Xiaoxingkai,2025-05-07 12:00:00,29,,2.944134678273258e-07,2.944134678273258e-07,False
seasonal_rollout_000218,seasonal_rollout,【Li】Lake Xiaoxingkai,2025-05-08 12:00:00,29,,2.3169800085157924e-35,2.3169800085157924e-35,False
seasonal_rollout_000219,seasonal_rollout,【Li】Lake Xiaoxingkai,2025-05-09 12:00:00,29,,2.5462669030558318e-21,2.5462669030558318e-21,False
seasonal_rollout_000220,seasonal_rollout,【Li】Lake Xiaoxingkai,2025-05-10 12:00:00,29,,1.477772263958758e-33,1.477772263958758e-33,False
seasonal_rollout_000221,seasonal_rollout,【Li】Lake Xiaoxingkai,2025-05-11 12:00:00,29,,3.237425335100852e-05,3.237425335100852e-05,False
seasonal_rollout_000222,seasonal_rollout,【Li】Lake Xiaoxingkai,2025-05-12 12:00:00,29,,19.63152313232422,19.63152313232422,False
seasonal_rollout_000223,seasonal_rollout,【Li】Lake Xiaoxingkai,2025-05-13 12:00:00,29,,2.7069840974967287e-21,2.7069840974967287e-21,False
seasonal_rollout_000224,seasonal_rollout,【Li】Lake Xiaoxingkai,2025-05-14 12:00:00,29,,3.213257437906236e-09,3.213257437906236e-09,False
seasonal_rollout_000225,seasonal_rollout,【Li】Lake Xiaoxingkai,2025-05-15 12:00:00,29,,1.3772699818180405e-14,1.3772699818180405e-14,False
seasonal_rollout_000226,seasonal_rollout,【Li】Lake Xiaoxingkai,2025-05-16 12:00:00,29,,0.0,0.0,False
seasonal_rollout_000227,seasonal_rollout,【Li】Lake Xiaoxingkai,2025-05-17 12:00:00,29,,81.97592163085938,81.97592163085938,False
seasonal_rollout_000228,seasonal_rollout,【Li】Lake Xiaoxingkai,2025-05-18 12:00:00,29,,0.6678382158279419,0.6678382158279419,False
seasonal_rollout_000229,seasonal_rollout,【Li】Lake Xiaoxingkai,2025-05-19 12:00:00,29,,12.393399238586426,12.393399238586426,False
seasonal_rollout_000230,seasonal_rollout,【Li】Lake Xiaoxingkai,2025-05-20 12:00:00,29,,9.664994422564632e-07,9.664994422564632e-07,False
seasonal_rollout_000231,seasonal_rollout,【Li】Lake Xiaoxingkai,2025-05-21 12:00:00,29,,11.947535514831543,11.947535514831543,False
seasonal_rollout_000232,seasonal_rollout,【Li】Lake Xiaoxingkai,2025-05-22 12:00:00,29,,5.091088076281394e-29,5.091088076281394e-29,False
seasonal_rollout_000233,seasonal_rollout,【Li】Lake Xiaoxingkai,2025-05-23 12:00:00,29,,1.3645062857392531e-08,1.3645062857392531e-08,False
seasonal_rollout_000234,seasonal_rollout,【Li】Lake Xiaoxingkai,2025-05-24 12:00:00,29,,2.922720232951374e-20,2.922720232951374e-20,False
seasonal_rollout_000235,seasonal_rollout,【Li】Lake Xiaoxingkai,2025-05-25 12:00:00,29,,6.642050148750775e-16,6.642050148750775e-16,False
seasonal_rollout_000236,seasonal_rollout,【Li】Lake Xiaoxingkai,2025-05-26 12:00:00,29,,0.0004847919335588813,0.0004847919335588813,False
seasonal_rollout_000237,seasonal_rollout,【Li】Lake Xiaoxingkai,2025-05-27 12:00:00,29,,40.38472366333008,40.38472366333008,False
seasonal_rollout_000238,seasonal_rollout,【Li】Lake Xiaoxingkai,2025-05-28 12:00:00,29,,21.20016860961914,21.20016860961914,False
seasonal_rollout_000239,seasonal_rollout,【Li】Lake Xiaoxingkai,2025-05-29 12:00:00,29,,0.0,0.0,False
seasonal_rollout_000240,seasonal_rollout,【Li】Lake Xiaoxingkai,2025-05-30 12:00:00,29,,79.73062896728516,79.73062896728516,False
seasonal_rollout_000241,seasonal_rollout,【Li】Lake Xiaoxingkai,2025-05-31 12:00:00,29,,1.3485339879989624,1.3485339879989624,False
seasonal_rollout_000242,seasonal_rollout,【Li】Lake Xiaoxingkai,2025-06-01 12:00:00,29,,2.6189093589782715,2.6189093589782715,False
seasonal_rollout_000243,seasonal_rollout,【Li】Lake Xiaoxingkai,2025-06-02 12:00:00,29,,6.538245251904413e-18,6.538245251904413e-18,False
seasonal_rollout_000244,seasonal_rollout,【Li】Lake Xiaoxingkai,2025-06-03 12:00:00,29,,33.51148223876953,33.51148223876953,False
seasonal_rollout_000245,seasonal_rollout,【Li】Lake Xiaoxingkai,2025-06-04 12:00:00,29,,0.16539104282855988,0.16539104282855988,False
seasonal_rollout_000246,seasonal_rollout,【Li】Lake Xiaoxingkai,2025-06-05 12:00:00,29,,3.2166967391967773,3.2166967391967773,False
seasonal_rollout_000247,seasonal_rollout,【Li】Lake Xiaoxingkai,2025-06-06 12:00:00,29,,68.01886749267578,68.01886749267578,False
seasonal_rollout_000248,seasonal_rollout,【Li】Lake Xiaoxingkai,2025-06-07 12:00:00,29,,6.340693950653076,6.340693950653076,False
seasonal_rollout_000249,seasonal_rollout,【Li】Lake Xiaoxingkai,2025-06-08 12:00:00,29,,3.669061582334265e-12,3.669061582334265e-12,False
seasonal_rollout_000250,seasonal_rollout,【Li】Lake Xiaoxingkai,2025-06-09 12:00:00,29,,125.96821594238281,125.96821594238281,False
seasonal_rollout_000251,seasonal_rollout,【Li】Lake Xiaoxingkai,2025-06-10 12:00:00,29,,0.018879849463701248,0.018879849463701248,False
seasonal_rollout_000252,seasonal_rollout,【Li】Lake Xiaoxingkai,2025-06-11 12:00:00,29,,14.356475830078125,14.356475830078125,False
seasonal_rollout_000253,seasonal_rollout,【Li】Lake Xiaoxingkai,2025-06-12 12:00:00,29,,2.4379691240028478e-05,2.4379691240028478e-05,False
seasonal_rollout_000254,seasonal_rollout,【Li】Lake Xiaoxingkai,2025-06-13 12:00:00,29,,7.1505756871204085e-09,7.1505756871204085e-09,False
seasonal_rollout_000255,seasonal_rollout,【Li】Lake Xiaoxingkai,2025-06-14 12:00:00,29,,0.012214913964271545,0.012214913964271545,False
seasonal_rollout_000256,seasonal_rollout,【Li】Lake Xiaoxingkai,2025-06-15 12:00:00,29,,6.235069426908935e-13,6.235069426908935e-13,False
seasonal_rollout_000257,seasonal_rollout,【Li】Lake Xiaoxingkai,2025-06-16 12:00:00,29,,96.14379119873047,96.14379119873047,False
seasonal_rollout_000258,seasonal_rollout,【Li】Lake Xiaoxingkai,2025-06-17 12:00:00,29,,0.11038986593484879,0.11038986593484879,False
seasonal_rollout_000259,seasonal_rollout,【Li】Lake Xiaoxingkai,2025-06-18 12:00:00,29,,21.87897491455078,21.87897491455078,False
seasonal_rollout_000260,seasonal_rollout,【Li】Lake Xiaoxingkai,2025-06-19 12:00:00,29,,21.17485809326172,21.17485809326172,False
seasonal_rollout_000261,seasonal_rollout,【Li】Lake Xiaoxingkai,2025-06-20 12:00:00,29,,2.1452613990780023e-12,2.1452613990780023e-12,False
seasonal_rollout_000262,seasonal_rollout,【Li】Lake Xiaoxingkai,2025-06-21 12:00:00,29,,10.663825988769531,10.663825988769531,False
seasonal_rollout_000263,seasonal_rollout,【Li】Lake Xiaoxingkai,2025-06-22 12:00:00,29,,0.0032520792447030544,0.0032520792447030544,False
seasonal_rollout_000264,seasonal_rollout,【Li】Lake Xiaoxingkai,2025-06-23 12:00:00,29,,0.03567999228835106,0.03567999228835106,False
seasonal_rollout_000265,seasonal_rollout,【Li】Lake Xiaoxingkai,2025-06-24 12:00:00,29,,0.2656868100166321,0.2656868100166321,False
seasonal_rollout_000266,seasonal_rollout,【Li】Lake Xiaoxingkai,2025-06-25 12:00:00,29,,0.0038365365471690893,0.0038365365471690893,False
seasonal_rollout_000267,seasonal_rollout,【Li】Lake Xiaoxingkai,2025-06-26 12:00:00,29,,32.36874771118164,32.36874771118164,False
seasonal_rollout_000268,seasonal_rollout,【Li】Lake Xiaoxingkai,2025-06-27 12:00:00,29,,32.92792510986328,32.92792510986328,False
seasonal_rollout_000269,seasonal_rollout,【Li】Lake Xiaoxingkai,2025-06-28 12:00:00,29,,76.87645721435547,76.87645721435547,False
seasonal_rollout_000270,seasonal_rollout,【Li】Lake Xiaoxingkai,2025-06-29 12:00:00,29,,3.6294582059781533e-06,3.6294582059781533e-06,False
seasonal_rollout_000271,seasonal_rollout,【Li】Lake Xiaoxingkai,2025-06-30 12:00:00,29,,0.0,0.0,False
seasonal_rollout_000272,seasonal_rollout,【Li】Lake Xiaoxingkai,2025-07-01 12:00:00,29,,19.594341278076172,19.594341278076172,False
seasonal_rollout_000273,seasonal_rollout,【Li】Lake Xiaoxingkai,2025-07-02 12:00:00,29,,31.8593692779541,31.8593692779541,False
seasonal_rollout_000274,seasonal_rollout,【Li】Lake Xiaoxingkai,2025-07-03 12:00:00,29,,1.9494084565219215e-23,1.9494084565219215e-23,False
seasonal_rollout_000275,seasonal_rollout,【Li】Lake Xiaoxingkai,2025-07-04 12:00:00,29,,1.5067707633051178e-16,1.5067707633051178e-16,False
seasonal_rollout_000276,seasonal_rollout,【Li】Lake Xiaoxingkai,2025-07-05 12:00:00,29,,41.199275970458984,41.199275970458984,False
seasonal_rollout_000277,seasonal_rollout,【Li】Lake Xiaoxingkai,2025-07-06 12:00:00,29,,5.8417038910692394e-37,5.8417038910692394e-37,False
seasonal_rollout_000278,seasonal_rollout,【Li】Lake Xiaoxingkai,2025-07-07 12:00:00,29,,9.316707128004253e-12,9.316707128004253e-12,False
seasonal_rollout_000279,seasonal_rollout,【Li】Lake Xiaoxingkai,2025-07-08 12:00:00,29,,2.540112745919032e-06,2.540112745919032e-06,False
seasonal_rollout_000280,seasonal_rollout,【Li】Lake Xiaoxingkai,2025-07-09 12:00:00,29,,8.499926567077637,8.499926567077637,False
seasonal_rollout_000281,seasonal_rollout,【Li】Lake Xiaoxingkai,2025-07-10 12:00:00,29,,2.3609206676483154,2.3609206676483154,False
seasonal_rollout_000282,seasonal_rollout,【Li】Lake Xiaoxingkai,2025-07-11 12:00:00,29,,18.046436309814453,18.046436309814453,False
seasonal_rollout_000283,seasonal_rollout,【Li】Lake Xiaoxingkai,2025-07-12 12:00:00,29,,8.338636689586565e-05,8.338636689586565e-05,False
seasonal_rollout_000284,seasonal_rollout,【Li】Lake Xiaoxingkai,2025-07-13 12:00:00,29,,2.9941392840413103e-15,2.9941392840413103e-15,False
seasonal_rollout_000285,seasonal_rollout,【Li】Lake Xiaoxingkai,2025-07-14 12:00:00,29,,4.153265953063965,4.153265953063965,False
seasonal_rollout_000286,seasonal_rollout,【Li】Lake Xiaoxingkai,2025-07-15 12:00:00,29,,43.408206939697266,43.408206939697266,False
seasonal_rollout_000287,seasonal_rollout,【Li】Lake Xiaoxingkai,2025-07-16 12:00:00,29,,130.28933715820312,130.28933715820312,False
seasonal_rollout_000288,seasonal_rollout,【Li】Lake Xiaoxingkai,2025-07-17 12:00:00,29,,125.95063781738281,125.95063781738281,False
seasonal_rollout_000289,seasonal_rollout,【Li】Lake Xiaoxingkai,2025-07-18 12:00:00,29,,117.73023986816406,117.73023986816406,False
seasonal_rollout_000290,seasonal_rollout,【Li】Lake Xiaoxingkai,2025-07-19 12:00:00,29,,3.1672618661104934e-06,3.1672618661104934e-06,False
seasonal_rollout_000291,seasonal_rollout,【Li】Lake Xiaoxingkai,2025-07-20 12:00:00,29,,26.356250762939453,26.356250762939453,False
seasonal_rollout_000292,seasonal_rollout,【Li】Lake Xiaoxingkai,2025-07-21 12:00:00,29,,1.0933635234832764,1.0933635234832764,False
seasonal_rollout_000293,seasonal_rollout,【Li】Lake Xiaoxingkai,2025-07-22 12:00:00,29,,0.0058183614164590836,0.0058183614164590836,False
seasonal_rollout_000294,seasonal_rollout,【Li】Lake Xiaoxingkai,2025-07-23 12:00:00,29,,5.021698612495129e-10,5.021698612495129e-10,False
seasonal_rollout_000295,seasonal_rollout,【Li】Lake Xiaoxingkai,2025-07-24 12:00:00,29,,0.20977041125297546,0.20977041125297546,False
seasonal_rollout_000296,seasonal_rollout,【Li】Lake Xiaoxingkai,2025-07-25 12:00:00,29,,0.0918586328625679,0.0918586328625679,False
seasonal_rollout_000297,seasonal_rollout,【Li】Lake Xiaoxingkai,2025-07-26 12:00:00,29,,0.0009304076083935797,0.0009304076083935797,False
seasonal_rollout_000298,seasonal_rollout,【Li】Lake Xiaoxingkai,2025-07-27 12:00:00,29,,21.46131134033203,21.46131134033203,False
seasonal_rollout_000299,seasonal_rollout,【Li】Lake Xiaoxingkai,2025-07-28 12:00:00,29,,76.18458557128906,76.18458557128906,False
seasonal_rollout_000300,seasonal_rollout,【Li】Lake Xiaoxingkai,2025-07-29 12:00:00,29,,77.19786071777344,77.19786071777344,False
seasonal_rollout_000301,seasonal_rollout,【Li】Lake Xiaoxingkai,2025-07-30 12:00:00,29,,0.0,0.0,False
seasonal_rollout_000302,seasonal_rollout,【Li】Lake Xiaoxingkai,2025-07-31 12:00:00,29,,44.40726089477539,44.40726089477539,False
seasonal_rollout_000303,seasonal_rollout,【Li】Lake Xiaoxingkai,2025-08-01 12:00:00,29,,0.015635306015610695,0.015635306015610695,False
seasonal_rollout_000304,seasonal_rollout,【Li】Lake Xiaoxingkai,2025-08-02 12:00:00,29,,0.17096424102783203,0.17096424102783203,False
seasonal_rollout_000305,seasonal_rollout,【Li】Lake Xiaoxingkai,2025-08-03 12:00:00,29,,0.05489671230316162,0.05489671230316162,False
seasonal_rollout_000306,seasonal_rollout,【Li】Lake Xiaoxingkai,2025-08-04 12:00:00,29,,0.0,0.0,False
seasonal_rollout_000307,seasonal_rollout,【Li】Lake Xiaoxingkai,2025-08-05 12:00:00,29,,1.0545400381088257,1.0545400381088257,False
seasonal_rollout_000308,seasonal_rollout,【Li】Lake Xiaoxingkai,2025-08-06 12:00:00,29,,3.15425181388855,3.15425181388855,False
seasonal_rollout_000309,seasonal_rollout,【Li】Lake Xiaoxingkai,2025-08-07 12:00:00,29,,0.3406004011631012,0.3406004011631012,False
seasonal_rollout_000310,seasonal_rollout,【Li】Lake Xiaoxingkai,2025-08-08 12:00:00,29,,4.116221686417676e-12,4.116221686417676e-12,False
seasonal_rollout_000311,seasonal_rollout,【Li】Lake Xiaoxingkai,2025-08-09 12:00:00,29,,4.5801789383403957e-07,4.5801789383403957e-07,False
seasonal_rollout_000312,seasonal_rollout,【Li】Lake Xiaoxingkai,2025-08-10 12:00:00,29,,0.9913389682769775,0.9913389682769775,False
seasonal_rollout_000313,seasonal_rollout,【Li】Lake Xiaoxingkai,2025-08-11 12:00:00,29,,45.71831130981445,45.71831130981445,False
seasonal_rollout_000314,seasonal_rollout,【Li】Lake Xiaoxingkai,2025-08-12 12:00:00,29,,134.17013549804688,134.17013549804688,False
seasonal_rollout_000315,seasonal_rollout,【Li】Lake Xiaoxingkai,2025-08-13 12:00:00,29,,2.9535676731029525e-06,2.9535676731029525e-06,False
seasonal_rollout_000316,seasonal_rollout,【Li】Lake Xiaoxingkai,2025-08-14 12:00:00,29,,24.355085372924805,24.355085372924805,False
seasonal_rollout_000317,seasonal_rollout,【Li】Lake Xiaoxingkai,2025-08-15 12:00:00,29,,3.40931712474835e-40,3.40931712474835e-40,False
seasonal_rollout_000318,seasonal_rollout,【Li】Lake Xiaoxingkai,2025-08-16 12:00:00,29,,6.513205051422119,6.513205051422119,False
seasonal_rollout_000319,seasonal_rollout,【Li】Lake Xiaoxingkai,2025-08-17 12:00:00,29,,1.4056225886065416e-16,1.4056225886065416e-16,False
seasonal_rollout_000320,seasonal_rollout,【Li】Lake Xiaoxingkai,2025-08-18 12:00:00,29,,94.0101318359375,94.0101318359375,False
seasonal_rollout_000321,seasonal_rollout,【Li】Lake Xiaoxingkai,2025-08-19 12:00:00,29,,6.01233807628887e-07,6.01233807628887e-07,False
seasonal_rollout_000322,seasonal_rollout,【Li】Lake Xiaoxingkai,2025-08-20 12:00:00,29,,1.851270079612732,1.851270079612732,False
seasonal_rollout_000323,seasonal_rollout,【Li】Lake Xiaoxingkai,2025-08-21 12:00:00,29,,1.820664794057944e-14,1.820664794057944e-14,False
seasonal_rollout_000324,seasonal_rollout,【Li】Lake Xiaoxingkai,2025-08-22 12:00:00,29,,0.8809636831283569,0.8809636831283569,False
seasonal_rollout_000325,seasonal_rollout,【Li】Lake Xiaoxingkai,2025-08-23 12:00:00,29,,3.418113946914673,3.418113946914673,False
seasonal_rollout_000326,seasonal_rollout,【Li】Lake Xiaoxingkai,2025-08-24 12:00:00,29,,2.5956636189885712e-30,2.5956636189885712e-30,False
seasonal_rollout_000327,seasonal_rollout,【Li】Lake Xiaoxingkai,2025-08-25 12:00:00,29,,0.26425448060035706,0.26425448060035706,False
seasonal_rollout_000328,seasonal_rollout,【Li】Lake Xiaoxingkai,2025-08-26 12:00:00,29,,41.81206130981445,41.81206130981445,False
seasonal_rollout_000329,seasonal_rollout,【Li】Lake Xiaoxingkai,2025-08-27 12:00:00,29,,6.473235701985045e-37,6.473235701985045e-37,False
seasonal_rollout_000330,seasonal_rollout,【Li】Lake Xiaoxingkai,2025-08-28 12:00:00,29,,12.346430778503418,12.346430778503418,False
seasonal_rollout_000331,seasonal_rollout,【Li】Lake Xiaoxingkai,2025-08-29 12:00:00,29,,65.41480255126953,65.41480255126953,False
seasonal_rollout_000332,seasonal_rollout,【Li】Lake Xiaoxingkai,2025-08-30 12:00:00,29,,12.621793746948242,12.621793746948242,False
seasonal_rollout_000333,seasonal_rollout,【Li】Lake Xiaoxingkai,2025-08-31 12:00:00,29,,53.03860092163086,53.03860092163086,False
seasonal_rollout_000334,seasonal_rollout,【Li】Lake Xiaoxingkai,2025-09-01 12:00:00,29,,1.8482393026351929,1.8482393026351929,False
seasonal_rollout_000335,seasonal_rollout,【Li】Lake Xiaoxingkai,2025-09-02 12:00:00,29,,1.0521010835873312e-06,1.0521010835873312e-06,False
seasonal_rollout_000336,seasonal_rollout,【Li】Lake Xiaoxingkai,2025-09-03 12:00:00,29,,4.079054832458496,4.079054832458496,False
seasonal_rollout_000337,seasonal_rollout,【Li】Lake Xiaoxingkai,2025-09-04 12:00:00,29,,10.195697784423828,10.195697784423828,False
seasonal_rollout_000338,seasonal_rollout,【Li】Lake Xiaoxingkai,2025-09-05 12:00:00,29,,0.0,0.0,False
seasonal_rollout_000339,seasonal_rollout,【Li】Lake Xiaoxingkai,2025-09-06 12:00:00,29,,247.03370666503906,247.03370666503906,False
seasonal_rollout_000340,seasonal_rollout,【Li】Lake Xiaoxingkai,2025-09-07 12:00:00,29,,0.2131401151418686,0.2131401151418686,False
seasonal_rollout_000341,seasonal_rollout,【Li】Lake Xiaoxingkai,2025-09-08 12:00:00,29,,4.30689811706543,4.30689811706543,False
seasonal_rollout_000342,seasonal_rollout,【Li】Lake Xiaoxingkai,2025-09-09 12:00:00,29,,1.3500324487686157,1.3500324487686157,False
seasonal_rollout_000343,seasonal_rollout,【Li】Lake Xiaoxingkai,2025-09-10 12:00:00,29,,49.21090316772461,49.21090316772461,False
seasonal_rollout_000344,seasonal_rollout,【Li】Lake Xiaoxingkai,2025-09-11 12:00:00,29,,1.2715502750119262e-14,1.2715502750119262e-14,False
seasonal_rollout_000345,seasonal_rollout,【Li】Lake Xiaoxingkai,2025-09-12 12:00:00,29,,1.0093318298982707e-23,1.0093318298982707e-23,False
seasonal_rollout_000346,seasonal_rollout,【Li】Lake Xiaoxingkai,2025-09-13 12:00:00,29,,0.735891580581665,0.735891580581665,False
seasonal_rollout_000347,seasonal_rollout,【Li】Lake Xiaoxingkai,2025-09-14 12:00:00,29,,2.417237192275934e-05,2.417237192275934e-05,False
seasonal_rollout_000348,seasonal_rollout,【Li】Lake Xiaoxingkai,2025-09-15 12:00:00,29,,37.036014556884766,37.036014556884766,False
seasonal_rollout_000349,seasonal_rollout,【Li】Lake Xiaoxingkai,2025-09-16 12:00:00,29,,0.11070098727941513,0.11070098727941513,False
seasonal_rollout_000350,seasonal_rollout,【Li】Lake Xiaoxingkai,2025-09-17 12:00:00,29,,26.75750160217285,26.75750160217285,False
seasonal_rollout_000351,seasonal_rollout,【Li】Lake Xiaoxingkai,2025-09-18 12:00:00,29,,148.13172912597656,148.13172912597656,False
seasonal_rollout_000352,seasonal_rollout,【Li】Lake Xiaoxingkai,2025-09-19 12:00:00,29,,1.1101538438529346e-10,1.1101538438529346e-10,False
seasonal_rollout_000353,seasonal_rollout,【Li】Lake Xiaoxingkai,2025-09-20 12:00:00,29,,0.0,0.0,False
seasonal_rollout_000354,seasonal_rollout,【Li】Lake Xiaoxingkai,2025-09-21 12:00:00,29,,73.88958740234375,73.88958740234375,False
seasonal_rollout_000355,seasonal_rollout,【Li】Lake Xiaoxingkai,2025-09-22 12:00:00,29,,10.617042541503906,10.617042541503906,False
seasonal_rollout_000356,seasonal_rollout,【Li】Lake Xiaoxingkai,2025-09-23 12:00:00,29,,19.64691925048828,19.64691925048828,False
seasonal_rollout_000357,seasonal_rollout,【Li】Lake Xiaoxingkai,2025-09-24 12:00:00,29,,7.46094031001121e-08,7.46094031001121e-08,False
seasonal_rollout_000358,seasonal_rollout,【Li】Lake Xiaoxingkai,2025-09-25 12:00:00,29,,23.034820556640625,23.034820556640625,False
seasonal_rollout_000359,seasonal_rollout,【Li】Lake Xiaoxingkai,2025-09-26 12:00:00,29,,3.4835326863499796e-15,3.4835326863499796e-15,False
seasonal_rollout_000360,seasonal_rollout,【Li】Lake Xiaoxingkai,2025-09-27 12:00:00,29,,3.193561121252837e-15,3.193561121252837e-15,False
seasonal_rollout_000361,seasonal_rollout,【Li】Lake Xiaoxingkai,2025-09-28 12:00:00,29,,50.63490676879883,50.63490676879883,False
seasonal_rollout_000362,seasonal_rollout,【Li】Lake Xiaoxingkai,2025-09-29 12:00:00,29,,0.008829714730381966,0.008829714730381966,False
seasonal_rollout_000363,seasonal_rollout,【Li】Lake Xiaoxingkai,2025-09-30 12:00:00,29,,4.332667843182623e-21,4.332667843182623e-21,False
seasonal_rollout_000364,seasonal_rollout,【Li】Lake Xiaoxingkai,2025-10-01 12:00:00,29,,2.3688121285331395e-15,2.3688121285331395e-15,False
seasonal_rollout_000365,seasonal_rollout,【Li】Lake Xiaoxingkai,2025-10-02 12:00:00,29,,0.03273195028305054,0.03273195028305054,False
seasonal_rollout_000366,seasonal_rollout,【Li】Lake Xiaoxingkai,2025-10-03 12:00:00,29,,29.743030548095703,29.743030548095703,False
seasonal_rollout_000367,seasonal_rollout,【Li】Lake Xiaoxingkai,2025-10-04 12:00:00,29,,1.401298464324817e-44,1.401298464324817e-44,False
seasonal_rollout_000368,seasonal_rollout,【Li】Lake Xiaoxingkai,2025-10-05 12:00:00,29,,5.4619059562683105,5.4619059562683105,False
seasonal_rollout_000369,seasonal_rollout,【Li】Lake Xiaoxingkai,2025-10-06 12:00:00,29,,2.07380747795105,2.07380747795105,False
seasonal_rollout_000370,seasonal_rollout,【Li】Lake Xiaoxingkai,2025-10-07 12:00:00,29,,0.03842638432979584,0.03842638432979584,False
seasonal_rollout_000371,seasonal_rollout,【Li】Lake Xiaoxingkai,2025-10-08 12:00:00,29,,6.307211149949765e-23,6.307211149949765e-23,False
seasonal_rollout_000372,seasonal_rollout,【Li】Lake Xiaoxingkai,2025-10-09 12:00:00,29,,8.86877885312911e-15,8.86877885312911e-15,False
seasonal_rollout_000373,seasonal_rollout,【Li】Lake Xiaoxingkai,2025-10-10 12:00:00,29,,5.937831742139701e-14,5.937831742139701e-14,False
seasonal_rollout_000374,seasonal_rollout,【Li】Lake Xiaoxingkai,2025-10-11 12:00:00,29,,0.006331638898700476,0.006331638898700476,False
seasonal_rollout_000375,seasonal_rollout,【Li】Lake Xiaoxingkai,2025-10-12 12:00:00,29,,0.005093507934361696,0.005093507934361696,False
seasonal_rollout_000376,seasonal_rollout,【Li】Lake Xiaoxingkai,2025-10-13 12:00:00,29,,11.25947380065918,11.25947380065918,False
seasonal_rollout_000377,seasonal_rollout,【Li】Lake Xiaoxingkai,2025-10-14 12:00:00,29,,9.62357746511824e-25,9.62357746511824e-25,False
seasonal_rollout_000378,seasonal_rollout,【Li】Lake Xiaoxingkai,2025-10-15 12:00:00,29,,0.1270805299282074,0.1270805299282074,False
seasonal_rollout_000379,seasonal_rollout,【Li】Lake Xiaoxingkai,2025-10-16 12:00:00,29,,2.8607678413391113,2.8607678413391113,False
seasonal_rollout_000380,seasonal_rollout,【Li】Lake Xiaoxingkai,2025-10-17 12:00:00,29,,2.9640374183654785,2.9640374183654785,False
seasonal_rollout_000381,seasonal_rollout,【Li】Lake Xiaoxingkai,2025-10-18 12:00:00,29,,6.545231819152832,6.545231819152832,False
seasonal_rollout_000382,seasonal_rollout,【Li】Lake Xiaoxingkai,2025-10-19 12:00:00,29,,12.696120262145996,12.696120262145996,False
seasonal_rollout_000383,seasonal_rollout,【Li】Lake Xiaoxingkai,2025-10-20 12:00:00,29,,0.009251248091459274,0.009251248091459274,False
seasonal_rollout_000384,seasonal_rollout,【Li】Lake Xiaoxingkai,2025-10-21 12:00:00,29,,0.13807879388332367,0.13807879388332367,False
seasonal_rollout_000385,seasonal_rollout,【Li】Lake Xiaoxingkai,2025-10-22 12:00:00,29,,48.21852493286133,48.21852493286133,False
seasonal_rollout_000386,seasonal_rollout,【Li】Lake Xiaoxingkai,2025-10-23 12:00:00,29,,0.04452698677778244,0.04452698677778244,False
seasonal_rollout_000387,seasonal_rollout,【Li】Lake Xiaoxingkai,2025-10-24 12:00:00,29,,1.4864633083343506,1.4864633083343506,False
seasonal_rollout_000388,seasonal_rollout,【Li】Lake Xiaoxingkai,2025-10-25 12:00:00,29,,5.887437330330861e-20,5.887437330330861e-20,False
seasonal_rollout_000389,seasonal_rollout,【Li】Lake Xiaoxingkai,2025-10-26 12:00:00,29,,13.612109184265137,13.612109184265137,False
seasonal_rollout_000390,seasonal_rollout,【Li】Lake Xiaoxingkai,2025-10-27 12:00:00,29,,0.00018578031449578702,0.00018578031449578702,False
seasonal_rollout_000391,seasonal_rollout,【Li】Lake Xiaoxingkai,2025-10-28 12:00:00,29,,9.119216002446105e-16,9.119216002446105e-16,False
seasonal_rollout_000392,seasonal_rollout,【Li】Lake Xiaoxingkai,2025-10-29 12:00:00,29,,1.4911444187164307,1.4911444187164307,False
seasonal_rollout_000393,seasonal_rollout,【Li】Lake Xiaoxingkai,2025-10-30 12:00:00,29,,0.1291632205247879,0.1291632205247879,False
seasonal_rollout_000394,seasonal_rollout,【Li】Lake Xiaoxingkai,2025-10-31 12:00:00,29,,6.920735836029053,6.920735836029053,False
seasonal_rollout_000395,seasonal_rollout,【Li】Lake Xiaoxingkai,2025-11-01 12:00:00,29,,13.233211517333984,13.233211517333984,False
seasonal_rollout_000396,seasonal_rollout,【Li】Lake Xiaoxingkai,2025-11-02 12:00:00,29,,4.517525672912598,4.517525672912598,False
seasonal_rollout_000397,seasonal_rollout,【Li】Lake Xiaoxingkai,2025-11-03 12:00:00,29,,2.839195966720581,2.839195966720581,False
seasonal_rollout_000398,seasonal_rollout,【Li】Lake Xiaoxingkai,2025-11-04 12:00:00,29,,0.042713236063718796,0.042713236063718796,False
seasonal_rollout_000399,seasonal_rollout,【Li】Lake Xiaoxingkai,2025-11-05 12:00:00,29,,14.857638359069824,14.857638359069824,False
seasonal_rollout_000400,seasonal_rollout,【Li】Lake Xiaoxingkai,2025-11-06 12:00:00,29,,0.3000015616416931,0.3000015616416931,False
seasonal_rollout_000401,seasonal_rollout,【Li】Lake Xiaoxingkai,2025-11-07 12:00:00,29,,3.719876527786255,3.719876527786255,False
seasonal_rollout_000402,seasonal_rollout,【Li】Lake Xiaoxingkai,2025-11-08 12:00:00,29,,0.00011807885312009603,0.00011807885312009603,False
seasonal_rollout_000403,seasonal_rollout,【Li】Lake Xiaoxingkai,2025-11-09 12:00:00,29,,3.174437779307482e-06,3.174437779307482e-06,False
seasonal_rollout_000404,seasonal_rollout,【Li】Lake Xiaoxingkai,2025-11-10 12:00:00,29,,10.887451171875,10.887451171875,False
seasonal_rollout_000405,seasonal_rollout,【Li】Lake Xiaoxingkai,2025-11-11 12:00:00,29,,0.011103606782853603,0.011103606782853603,False
seasonal_rollout_000406,seasonal_rollout,【Li】Lake Xiaoxingkai,2025-11-12 12:00:00,29,,0.03938824683427811,0.03938824683427811,False
seasonal_rollout_000407,seasonal_rollout,【Li】Lake Xiaoxingkai,2025-11-13 12:00:00,29,,0.027365516871213913,0.027365516871213913,False
seasonal_rollout_000408,seasonal_rollout,【Li】Lake Xiaoxingkai,2025-11-14 12:00:00,29,,1.9392578601837158,1.9392578601837158,False
seasonal_rollout_000409,seasonal_rollout,【Li】Lake Xiaoxingkai,2025-11-15 12:00:00,29,,0.003052758052945137,0.003052758052945137,False
seasonal_rollout_000410,seasonal_rollout,【Li】Lake Xiaoxingkai,2025-11-16 12:00:00,29,,0.10099837183952332,0.10099837183952332,False
seasonal_rollout_000411,seasonal_rollout,【Li】Lake Xiaoxingkai,2025-11-17 12:00:00,29,,4.023129463195801,4.023129463195801,False
seasonal_rollout_000412,seasonal_rollout,【Li】Lake Xiaoxingkai,2025-11-18 12:00:00,29,,0.00066298374440521,0.00066298374440521,False
seasonal_rollout_000413,seasonal_rollout,【Li】Lake Xiaoxingkai,2025-11-19 12:00:00,29,,0.8163459897041321,0.8163459897041321,False
seasonal_rollout_000414,seasonal_rollout,【Li】Lake Xiaoxingkai,2025-11-20 12:00:00,29,,1.7992617358686402e-05,1.7992617358686402e-05,False
seasonal_rollout_000415,seasonal_rollout,【Li】Lake Xiaoxingkai,2025-11-21 12:00:00,29,,0.4463261365890503,0.4463261365890503,False
seasonal_rollout_000416,seasonal_rollout,【Li】Lake Xiaoxingkai,2025-11-22 12:00:00,29,,0.014250099658966064,0.014250099658966064,False
seasonal_rollout_000417,seasonal_rollout,【Li】Lake Xiaoxingkai,2025-11-23 12:00:00,29,,3.395132175398885e-09,3.395132175398885e-09,False
seasonal_rollout_000418,seasonal_rollout,【Li】Lake Xiaoxingkai,2025-11-24 12:00:00,29,,9.478200912475586,9.478200912475586,False
seasonal_rollout_000419,seasonal_rollout,【Li】Lake Xiaoxingkai,2025-11-25 12:00:00,29,,47.88039016723633,47.88039016723633,False
seasonal_rollout_000420,seasonal_rollout,【Li】Lake Xiaoxingkai,2025-11-26 12:00:00,29,,0.6979042887687683,0.6979042887687683,False
seasonal_rollout_000421,seasonal_rollout,【Li】Lake Xiaoxingkai,2025-11-27 12:00:00,29,,1.320219874382019,1.320219874382019,False
seasonal_rollout_000422,seasonal_rollout,【Li】Lake Xiaoxingkai,2025-11-28 12:00:00,29,,1.5339139699935913,1.5339139699935913,False
seasonal_rollout_000423,seasonal_rollout,【Li】Lake Xiaoxingkai,2025-11-29 12:00:00,29,,1.255527377128601,1.255527377128601,False
seasonal_rollout_000424,seasonal_rollout,【Li】Lake Xiaoxingkai,2025-11-30 12:00:00,29,,4.1360695250680646e-12,4.1360695250680646e-12,False
seasonal_rollout_000425,seasonal_rollout,【Li】Lake Xiaoxingkai,2025-12-01 12:00:00,29,,2.3947430349835486e-07,2.3947430349835486e-07,False
seasonal_rollout_000426,seasonal_rollout,【Li】Lake Xiaoxingkai,2025-12-02 12:00:00,29,,8.710454940795898,8.710454940795898,False
seasonal_rollout_000427,seasonal_rollout,【Li】Lake Xiaoxingkai,2025-12-03 12:00:00,29,,2.729743003845215,2.729743003845215,False
seasonal_rollout_000428,seasonal_rollout,【Li】Lake Xiaoxingkai,2025-12-04 12:00:00,29,,8.764156405050016e-07,8.764156405050016e-07,False
seasonal_rollout_000429,seasonal_rollout,【Li】Lake Xiaoxingkai,2025-12-05 12:00:00,29,,0.10438653081655502,0.10438653081655502,False
seasonal_rollout_000430,seasonal_rollout,【Li】Lake Xiaoxingkai,2025-12-06 12:00:00,29,,0.00010092617594636977,0.00010092617594636977,False
seasonal_rollout_000431,seasonal_rollout,【Li】Lake Xiaoxingkai,2025-12-07 12:00:00,29,,0.01508777029812336,0.01508777029812336,False
seasonal_rollout_000432,seasonal_rollout,【Li】Lake Xiaoxingkai,2025-12-08 12:00:00,29,,4.8202595710754395,4.8202595710754395,False
seasonal_rollout_000433,seasonal_rollout,【Li】Lake Xiaoxingkai,2025-12-09 12:00:00,29,,0.22007088363170624,0.22007088363170624,False
seasonal_rollout_000434,seasonal_rollout,【Li】Lake Xiaoxingkai,2025-12-10 12:00:00,29,,0.0323784314095974,0.0323784314095974,False
seasonal_rollout_000435,seasonal_rollout,【Li】Lake Xiaoxingkai,2025-12-11 12:00:00,29,,2.9548670249583383e-16,2.9548670249583383e-16,False
seasonal_rollout_000436,seasonal_rollout,【Li】Lake Xiaoxingkai,2025-12-12 12:00:00,29,,20.15654754638672,20.15654754638672,False
seasonal_rollout_000437,seasonal_rollout,【Li】Lake Xiaoxingkai,2025-12-13 12:00:00,29,,0.028671585023403168,0.028671585023403168,False
seasonal_rollout_000438,seasonal_rollout,【Li】Lake Xiaoxingkai,2025-12-14 12:00:00,29,,7.255842685699463,7.255842685699463,False
seasonal_rollout_000439,seasonal_rollout,【Li】Lake Xiaoxingkai,2025-12-15 12:00:00,29,,0.09263164550065994,0.09263164550065994,False
seasonal_rollout_000440,seasonal_rollout,【Li】Lake Xiaoxingkai,2025-12-16 12:00:00,29,,0.09178388863801956,0.09178388863801956,False
seasonal_rollout_000441,seasonal_rollout,【Li】Lake Xiaoxingkai,2025-12-17 12:00:00,29,,0.012963381595909595,0.012963381595909595,False
seasonal_rollout_000442,seasonal_rollout,【Li】Lake Xiaoxingkai,2025-12-18 12:00:00,29,,4.511041164398193,4.511041164398193,False
seasonal_rollout_000443,seasonal_rollout,【Li】Lake Xiaoxingkai,2025-12-19 12:00:00,29,,0.6989657282829285,0.6989657282829285,False
seasonal_rollout_000444,seasonal_rollout,【Li】Lake Xiaoxingkai,2025-12-20 12:00:00,29,,0.19536590576171875,0.19536590576171875,False
seasonal_rollout_000445,seasonal_rollout,【Li】Lake Xiaoxingkai,2025-12-21 12:00:00,29,,0.5917554497718811,0.5917554497718811,False
seasonal_rollout_000446,seasonal_rollout,【Li】Lake Xiaoxingkai,2025-12-22 12:00:00,29,,0.00015225887182168663,0.00015225887182168663,False
seasonal_rollout_000447,seasonal_rollout,【Li】Lake Xiaoxingkai,2025-12-23 12:00:00,29,,3.739009380340576,3.739009380340576,False
seasonal_rollout_000448,seasonal_rollout,【Li】Lake Xiaoxingkai,2025-12-24 12:00:00,29,,0.004082721192389727,0.004082721192389727,False
seasonal_rollout_000449,seasonal_rollout,【Li】Lake Xiaoxingkai,2025-12-25 12:00:00,29,,1.3870368003845215,1.3870368003845215,False
seasonal_rollout_000450,seasonal_rollout,【Li】Lake Xiaoxingkai,2025-12-26 12:00:00,29,,0.26636984944343567,0.26636984944343567,False
seasonal_rollout_000451,seasonal_rollout,【Li】Lake Xiaoxingkai,2025-12-27 12:00:00,29,,6.599387702976856e-10,6.599387702976856e-10,False
seasonal_rollout_000452,seasonal_rollout,【Li】Lake Xiaoxingkai,2025-12-28 12:00:00,29,,0.368140310049057,0.368140310049057,False
seasonal_rollout_000453,seasonal_rollout,【Li】Lake Xiaoxingkai,2025-12-29 12:00:00,29,,0.30319273471832275,0.30319273471832275,False
seasonal_rollout_000454,seasonal_rollout,【Li】Lake Xiaoxingkai,2025-12-30 12:00:00,29,,0.03697779402136803,0.03697779402136803,False
seasonal_rollout_000455,seasonal_rollout,【Li】Lake Xiaoxingkai,2025-12-31 12:00:00,29,,2.238095998764038,2.238095998764038,False
seasonal_rollout_000456,seasonal_rollout,【Li】Lake Xiaoxingkai,2026-01-01 12:00:00,29,,0.5795586109161377,0.5795586109161377,False
seasonal_rollout_000457,seasonal_rollout,【Li】Lake Xiaoxingkai,2026-01-02 12:00:00,29,,6.733824253082275,6.733824253082275,False
seasonal_rollout_000458,seasonal_rollout,【Li】Lake Xiaoxingkai,2026-01-03 12:00:00,29,,16.682409286499023,16.682409286499023,False
seasonal_rollout_000459,seasonal_rollout,【Li】Lake Xiaoxingkai,2026-01-04 12:00:00,29,,4.093581199645996,4.093581199645996,False
seasonal_rollout_000460,seasonal_rollout,【Li】Lake Xiaoxingkai,2026-01-05 12:00:00,29,,0.03437722846865654,0.03437722846865654,False
seasonal_rollout_000461,seasonal_rollout,【Li】Lake Xiaoxingkai,2026-01-06 12:00:00,29,,0.006311902776360512,0.006311902776360512,False
seasonal_rollout_000462,seasonal_rollout,【Li】Lake Xiaoxingkai,2026-01-07 12:00:00,29,,1.1956935441759242e-11,1.1956935441759242e-11,False
seasonal_rollout_000463,seasonal_rollout,【Li】Lake Xiaoxingkai,2026-01-08 12:00:00,29,,0.006850885692983866,0.006850885692983866,False
seasonal_rollout_000464,seasonal_rollout,【Li】Lake Xiaoxingkai,2026-01-09 12:00:00,29,,0.006820399779826403,0.006820399779826403,False
seasonal_rollout_000465,seasonal_rollout,【Li】Lake Xiaoxingkai,2026-01-10 12:00:00,29,,1.358147382736206,1.358147382736206,False
seasonal_rollout_000466,seasonal_rollout,【Li】Lake Xiaoxingkai,2026-01-11 12:00:00,29,,0.3059089779853821,0.3059089779853821,False
seasonal_rollout_000467,seasonal_rollout,【Li】Lake Xiaoxingkai,2026-01-12 12:00:00,29,,0.03683504834771156,0.03683504834771156,False
seasonal_rollout_000468,seasonal_rollout,【Li】Lake Xiaoxingkai,2026-01-13 12:00:00,29,,0.00785877462476492,0.00785877462476492,False
seasonal_rollout_000469,seasonal_rollout,【Li】Lake Xiaoxingkai,2026-01-14 12:00:00,29,,0.011634341441094875,0.011634341441094875,False
seasonal_rollout_000470,seasonal_rollout,【Li】Lake Xiaoxingkai,2026-01-15 12:00:00,29,,0.010099678300321102,0.010099678300321102,False
seasonal_rollout_000471,seasonal_rollout,【Li】Lake Xiaoxingkai,2026-01-16 12:00:00,29,,6.74735133543436e-07,6.74735133543436e-07,False
seasonal_rollout_000472,seasonal_rollout,【Li】Lake Xiaoxingkai,2026-01-17 12:00:00,29,,0.17159593105316162,0.17159593105316162,False
seasonal_rollout_000473,seasonal_rollout,【Li】Lake Xiaoxingkai,2026-01-18 12:00:00,29,,0.009921252727508545,0.009921252727508545,False
seasonal_rollout_000474,seasonal_rollout,【Li】Lake Xiaoxingkai,2026-01-19 12:00:00,29,0.669,0.006623462308198214,0.006623462308198214,True
seasonal_rollout_000475,seasonal_rollout,【Li】Lake Xiaoxingkai,2026-01-20 12:00:00,29,0.6735,0.00011267408990534022,0.00011267408990534022,True
seasonal_rollout_000476,seasonal_rollout,【Li】Lake Xiaoxingkai,2026-01-21 12:00:00,29,0.6798,0.00294158305041492,0.00294158305041492,True
seasonal_rollout_000477,seasonal_rollout,【Li】Lake Xiaoxingkai,2026-01-22 12:00:00,29,0.6872,0.0008697106968611479,0.0008697106968611479,True
seasonal_rollout_000478,seasonal_rollout,【Li】Lake Xiaoxingkai,2026-01-23 12:00:00,29,0.6934,0.9978107213973999,0.9978107213973999,True
seasonal_rollout_000479,seasonal_rollout,【Li】Lake Xiaoxingkai,2026-01-24 12:00:00,29,0.6995,8.517169952392578,8.517169952392578,True
seasonal_rollout_000480,seasonal_rollout,【Li】Lake Xiaoxingkai,2026-01-25 12:00:00,29,0.7048,3.934690475463867,3.934690475463867,True
seasonal_rollout_000481,seasonal_rollout,【Li】Lake Xiaoxingkai,2026-01-26 12:00:00,29,0.7103,0.046218160539865494,0.046218160539865494,True
seasonal_rollout_000482,seasonal_rollout,【Li】Lake Xiaoxingkai,2026-01-27 12:00:00,29,0.7147,0.06686533242464066,0.06686533242464066,True
seasonal_rollout_000483,seasonal_rollout,【Li】Lake Xiaoxingkai,2026-01-28 12:00:00,29,0.7203,1.2765834331512451,1.2765834331512451,True
seasonal_rollout_000484,seasonal_rollout,【Li】Lake Xiaoxingkai,2026-01-29 12:00:00,29,0.7253,0.7165588140487671,0.7165588140487671,True
seasonal_rollout_000485,seasonal_rollout,【Li】Lake Xiaoxingkai,2026-01-30 12:00:00,29,0.7319,0.6201933026313782,0.6201933026313782,True
seasonal_rollout_000486,seasonal_rollout,【Li】Lake Xiaoxingkai,2026-01-31 12:00:00,29,0.7372,1.0080658197402954,1.0080658197402954,True
seasonal_rollout_000487,seasonal_rollout,【Li】Lake Xiaoxingkai,2026-02-01 12:00:00,29,0.7411,2.011565923690796,2.011565923690796,True
seasonal_rollout_000488,seasonal_rollout,【Li】Lake Xiaoxingkai,2026-02-02 12:00:00,29,0.7451,3.2403343084297376e-06,3.2403343084297376e-06,True
seasonal_rollout_000489,seasonal_rollout,【Li】Lake Xiaoxingkai,2026-02-03 12:00:00,29,0.7477,0.06980325281620026,0.06980325281620026,True
seasonal_rollout_000490,seasonal_rollout,【Li】Lake Xiaoxingkai,2026-02-04 12:00:00,29,0.7532,0.007557070814073086,0.007557070814073086,True
seasonal_rollout_000491,seasonal_rollout,【Li】Lake Xiaoxingkai,2026-02-05 12:00:00,29,0.756,2.2621982097625732,2.2621982097625732,True
seasonal_rollout_000492,seasonal_rollout,【Li】Lake Xiaoxingkai,2026-02-06 12:00:00,29,0.7586,0.015448495745658875,0.015448495745658875,True
seasonal_rollout_000493,seasonal_rollout,【Li】Lake Xiaoxingkai,2026-02-07 12:00:00,29,0.7631,0.002306249924004078,0.002306249924004078,True
seasonal_rollout_000494,seasonal_rollout,【Li】Lake Xiaoxingkai,2026-02-08 12:00:00,29,0.7684,2.5183026082231663e-05,2.5183026082231663e-05,True
seasonal_rollout_000495,seasonal_rollout,【Li】Lake Xiaoxingkai,2026-02-09 12:00:00,29,0.7737,0.25997114181518555,0.25997114181518555,True
seasonal_rollout_000496,seasonal_rollout,【Li】Lake Xiaoxingkai,2026-02-10 12:00:00,29,0.7793,0.00047812238335609436,0.00047812238335609436,True
seasonal_rollout_000497,seasonal_rollout,【Li】Lake Xiaoxingkai,2026-02-11 12:00:00,29,0.7846,0.23773989081382751,0.23773989081382751,True
seasonal_rollout_000498,seasonal_rollout,【Li】Lake Xiaoxingkai,2026-02-12 12:00:00,29,0.7888,0.1944533735513687,0.1944533735513687,True
seasonal_rollout_000499,seasonal_rollout,【Li】Lake Xiaoxingkai,2026-02-13 12:00:00,29,0.7928,0.10720629245042801,0.10720629245042801,True
seasonal_rollout_000500,seasonal_rollout,【Li】Lake Xiaoxingkai,2026-02-14 12:00:00,29,0.7934,0.018282156437635422,0.018282156437635422,True
seasonal_rollout_000501,seasonal_rollout,【Li】Lake Xiaoxingkai,2026-02-15 12:00:00,29,0.792,0.00035832542926073074,0.00035832542926073074,True
seasonal_rollout_000502,seasonal_rollout,【Li】Lake Xiaoxingkai,2026-02-16 12:00:00,29,0.7919,0.1889752894639969,0.1889752894639969,True
seasonal_rollout_000503,seasonal_rollout,【Li】Lake Xiaoxingkai,2026-02-17 12:00:00,29,0.7969,0.05060608685016632,0.05060608685016632,True
seasonal_rollout_000504,seasonal_rollout,【Li】Lake Xiaoxingkai,2026-02-18 12:00:00,29,0.8003,1.7811542749404907,1.7811542749404907,True
seasonal_rollout_000505,seasonal_rollout,【Li】Lake Xiaoxingkai,2026-02-19 12:00:00,29,0.8029,7.519558770692662e-19,7.519558770692662e-19,True
seasonal_rollout_000506,seasonal_rollout,【Li】Lake Xiaoxingkai,2026-02-20 12:00:00,29,0.8053,3.8848152472681363e-10,3.8848152472681363e-10,True
seasonal_rollout_000507,seasonal_rollout,【Li】Lake Xiaoxingkai,2026-02-21 12:00:00,29,0.8072,2.9822675173818425e-07,2.9822675173818425e-07,True
seasonal_rollout_000508,seasonal_rollout,【Li】Lake Xiaoxingkai,2026-02-22 12:00:00,29,0.808,6.725953578948975,6.725953578948975,True
seasonal_rollout_000509,seasonal_rollout,【Li】Lake Xiaoxingkai,2026-02-23 12:00:00,29,0.81,0.08025944977998734,0.08025944977998734,True
seasonal_rollout_000510,seasonal_rollout,【Li】Lake Xiaoxingkai,2026-02-24 12:00:00,29,0.8028,0.036992449313402176,0.036992449313402176,True
seasonal_rollout_000511,seasonal_rollout,【Li】Lake Xiaoxingkai,2026-02-25 12:00:00,29,,0.004054011777043343,0.004054011777043343,False
seasonal_rollout_000512,seasonal_rollout,【Li】Lake Xiaoxingkai,2026-02-26 12:00:00,29,,0.6380442976951599,0.6380442976951599,False
seasonal_rollout_000513,seasonal_rollout,【Li】Lake Xiaoxingkai,2026-02-27 12:00:00,29,,2.3019256591796875,2.3019256591796875,False
seasonal_rollout_000514,seasonal_rollout,【Li】Lake Xiaoxingkai,2026-02-28 12:00:00,29,,0.000360970530891791,0.000360970530891791,False
seasonal_rollout_000515,seasonal_rollout,【Li】Lake Xiaoxingkai,2026-03-01 12:00:00,29,,0.19665822386741638,0.19665822386741638,False
seasonal_rollout_000516,seasonal_rollout,【Li】Lake Xiaoxingkai,2026-03-02 12:00:00,29,,0.004278767388314009,0.004278767388314009,False
seasonal_rollout_000517,seasonal_rollout,【Li】Lake Xiaoxingkai,2026-03-03 12:00:00,29,,0.0012094841804355383,0.0012094841804355383,False
seasonal_rollout_000518,seasonal_rollout,【Li】Lake Xiaoxingkai,2026-03-04 12:00:00,29,,31.385156631469727,31.385156631469727,False
seasonal_rollout_000519,seasonal_rollout,【Li】Lake Xiaoxingkai,2026-03-05 12:00:00,29,,1.6655286039224393e-09,1.6655286039224393e-09,False
seasonal_rollout_000520,seasonal_rollout,【Li】Lake Xiaoxingkai,2026-03-06 12:00:00,29,,1.1374622488347086e-07,1.1374622488347086e-07,False
seasonal_rollout_000521,seasonal_rollout,【Li】Lake Xiaoxingkai,2026-03-07 12:00:00,29,,0.009742388501763344,0.009742388501763344,False
seasonal_rollout_000522,seasonal_rollout,【Li】Lake Xiaoxingkai,2026-03-08 12:00:00,29,,1.2697085050028534e-10,1.2697085050028534e-10,False
seasonal_rollout_000523,seasonal_rollout,【Li】Lake Xiaoxingkai,2026-03-09 12:00:00,29,,21.254507064819336,21.254507064819336,False
seasonal_rollout_000524,seasonal_rollout,【Li】Lake Xiaoxingkai,2026-03-10 12:00:00,29,,0.0006099243182688951,0.0006099243182688951,False
seasonal_rollout_000525,seasonal_rollout,【Li】Lake Xiaoxingkai,2026-03-11 12:00:00,29,,0.050127558410167694,0.050127558410167694,False
seasonal_rollout_000526,seasonal_rollout,【Li】Lake Xiaoxingkai,2026-03-12 12:00:00,29,,1.2602721644050519e-10,1.2602721644050519e-10,False
seasonal_rollout_000527,seasonal_rollout,【Li】Lake Xiaoxingkai,2026-03-13 12:00:00,29,,2.2653768062591553,2.2653768062591553,False
